time,max_vonmises,sigma_r_inner,sigma_r_outer,sigma_theta_inner,sigma_theta_outer
0,0,0,0,0,0
1,220.44827741406,-93.650851791334,-0.84895728575754,160.42664144042,67.56643451518
