time,max_disp_y,max_stress_yy,max_vonmises,stress_yy_center
0,0,0,0,0
1,-7.5999988788067e-06,-8108.5938255557,283305.5020556,-273799.73345791
