eigen_values_imag,eigen_values_real
0,5.8698073383763
0,35.481664680899
0,84.842879447651
0,153.96562907918
