time,avg_pressure,max_vel_x,max_vel_y,min_vel_x,lambda
0,0,0,0,0,0
1,-1.1657341758564e-15,18.885621969478,9.97963704246,-16.263246910143,1.6100407415786e-15
