time,Nu_hot_wall,avg_T,max_vel_x,max_vel_y,lambda
0,0,0,0,0,0
1,1,0.49999999999981,0.40884337751043,0.61319185132208,2.2857369211712e-17
