time,max_disp_y,max_vonmises,min_disp_y,tip_disp_y
0,0,0,0,0
1,0.0025834286928678,801200639.29534,-0.20906887659386,-0.20767617946552
