time,avg_E,max_E
0,0,0
1,0.69237891634064,1.7080074253589
