time,avg_temperature,max_disp_x,max_disp_y,max_temperature,max_vonmises
0,0,0,0,0,0
1,400.00476886237,0.0021291961588541,0.003163407276171,497.88793555718,776507546.42943
