time,avg_u_left,avg_u_right
0,0,0
1,0.41666666666679,0.9166666666662
