time,phi1_center,phi2_center
0,0,0
1,26.317382594537,6.3824689630321
