time,avg_vx,max_vy,vx_at_delta,vy_at_delta
0,0,0,0,0
1,0.92857675963418,0.32236096364493,0.80115455118453,0.30955111366782
