eigen_values_imag,eigen_values_real
0,13.786787901776
0,17.13714749777
0,21.497417163999
0,22.884540759204
0,24.847776818021
0,30.595169983134
