time,avg_pressure,avg_vel_x,max_vel_x,max_vel_y
0,0,0,0,0
1,103.03405123326,0.99991506417529,1.3782300606908,0.32788469063255
