time,l2_error,max_phi,phi_at_half,phi_at_one_decay,phi_at_quarter
0,0,0,0,0,0
1,0.1021548256287,0.94699798703934,0.12740991944322,0.45016124044656,1
