eigen_values_imag,eigen_values_real
0,12.358584319075
0,19.779829221266
0,32.199449710621
0,42.272841619049
0,49.694086445118
0,62.11370669606
