time,phi_center,phi_quarter
0,0,0
1,16.755191798508,14.609820086944
