time,avg_eps,psi_max,psi_min
2,2.0023125000001,0.043770982380665,-0.043770982380673
