eigen_values_imag,eigen_values_real
0,7.7066744829772
0,7.7066744829772
0,-1.3677947663382e-13
0,13.419249529991
0,18.985492313865
0,23.596181886104
0,31.263045567361
0,40.967035600973
