time,Nu_hot_wall,avg_T,max_vel_x,max_vel_y,lambda
0,0,0,0,0,0
1,1,0.49999999999999,0.19021417425429,0.22557165247023,9.3740925286274e-18
