time,max_phi,phi_at_1lambda,phi_at_2lambda,phi_at_5lambda,phi_integral
0,0,0,0,0,0
1,4.360799123414,2.2645548800612,0.62963674905832,0.019730004186298,1.2564005984432
