time,avg_vel_x,max_TKE,max_mu_t,vel_x_centerline
0,0,0,0,0
1,0.99954915061443,0.013615977911386,0.03358530345231,1.0987457001144
